{"4000": {"5": 1e-05, "14": 1e-05, "38": 1.1341857889213343, "44": 1.4481365405808087, "9": 1e-05, "21": 1e-05, "37": 1.34214160440943, "45": 1.451846821257419, "39": 1.1736707202933658, "42": 1.393756729323009, "36": 1.3240735107124861, "33": 1.4691681865181063, "1": 1e-05, "25": 0.9914118180673673, "24": 2.3768147006804286e-05, "43": 1.2023271200448542, "48": 1.227866132980992, "17": 1e-05, "15": 1e-05, "30": 1.2774674380151114, "13": 1e-05, "31": 1.359328682049809, "41": 1.333190834521583, "12": 1e-05, "23": 1e-05, "26": 1.1380933143142091, "47": 1.1316618778722014, "34": 1.297962806691409, "40": 1.2189068357637967, "11": 1e-05, "3": 1e-05, "28": 1.1862750750391273, "7": 1e-05, "18": 1e-05, "32": 1.4128620493370545, "22": 1e-05, "19": 1e-05, "2": 1e-05, "29": 1.2607345150188871, "8": 1e-05, "10": 1e-05, "46": 1.4133532318904076, "27": 1.2460797811833269, "49": 1.4103849693156234, "35": 1.3934191712676673, "20": 1e-05, "6": 1e-05, "16": 1e-05, "4": 1e-05}}